011101100110100110011111000011000010100100011001100111001111110011001101111100101011101101000001111111100000011110110101000110001010111101111100010010011000100101010110100100101010100010111010011110101010001111101101,
101100001000110001111111000110110001111011011010010010001101011001010111100001011111100011011110011011011001100011100110100011110101001010010111010100010010001001101101001101011111011011110010011011011101001000101100,
110101111001011011101011011101010101011010011010001001111101110101110101110100101100100101001101101101010100000100010100100110001100100011101111110110001011111000110011010101011110101000000001001001101100010111110011,
000101000001001000001101000001110010100101001010000010101101110100100100100101001111100000000000111100011101011001011101001101000111001100001001000010011001010001110011101110001111001000101111110101011011110000001111,
101111100000110101110011100100101100111010011001011101010110111111110110111111101011101010011111010101101111010001110110101000000111000010011101000000000111100110010100011000110010100010000010111101110000011100101010,
111010001010010010001011011011110110010100100101000111000101110001000100111000110001111001111000111100110011100110110101100101110000001001000111111111101010101110101101000110101101010000001001100111010100111011011110,
100111100001101010100011000100111010101010100111011101000111010100001111111100000011111000000110011111101000110000111111111001110000100001110101010000000001100000110011110101100101011111000100111110100011010010001011,
010100011001001011011000011001110111110010000001001100100000101110100011100010011100110111101110001110101100000110100000101000010011000110110101011101101000100010101001111011010010110111001011010011011101100101111111,
101111100110011011011001101110011000100101010011110000100111000101100010001111101010101000011100100111110111000011010111110110110101001101010011100011111000010111010101101000011010010111000101101000000101110001111011,
011101001001010111000111000110001011001011001011100101101111110000011011100001111110001001010111111101001010011100001000110010000110010111111010011000000000001000101111100010101110110111001110110110000001011001110011,
111110001000010110001010111001110101110101100110001001001101100110011100001011100001111100011001010101010000111101000100111110010110010011010110000101011111100100011010111000000110111001010100001110100010100111000110,
011010001010001010010001000000001110110010110001001101000010011100000010110000100000001101101111110110000111010001000010111000111111111001001110100000001111011000010100010001010010100011010111101110010110101100000101,
000001100000101000001100111101100001111111010101111011011100011000011101011101001111101001111110010101100111001011111011001010101001110101001100000101100001111011001111111001101011001111101111001011011000000101111010,
001100101000001000011000100001100001001011000101010100010010100010010011011100110010011111001001001010100111100101011111111110000100100001101010000001101001110111010001111010110001110101100010000111110000111010011110,
101101010010100110011110011100000011110001000011110110111000011010011000110101000010010011011011111000001001110110010010101101001010100010000010100111111010101111011101100101110010111110001100110000110001111001000101,
010111010101011110101000110110001110111011111110011111011100110100111011010101000110000010111010100001001110000111100110000110000101110100101111011011101010111100110111110110101100101111101111001000100010011111111101,
111100101001111111100110010011011011011000101100001010011011001110011010100101111111110000101001010110010000010101100000010010011011001001101010010010101111100000010011010111110110011000011111101000110111001101100101,
001100000010111011010100100100001101001001111000100001000101010110100001110100001100111101010010101100000100110001101101000011100101110011110001010100010001101111100100111111110011100110100011011110101000010110110110,
001010111001001010001100001101010100101010100100101110111111010110101111100000100001011100011101011000110101111111100011110100100100010110100011010001001011001100011010101010110011011111111001010111101101100100010000,
001010110011110111000010111001010111001010100011101110000101111110100001111011010110111110000011000000000101100000110100011111000111110110000100101011001101111011110011110111001000000110100100000000011101100100001110,
010000110011111001010100011000000010111001100010110101010010001100100000001011000010011000100110000011001110000011000011000010111110000000011000010010110101101100101110111101000110101010000111100010000010010110011111,
011011001110000111111111010101010010001111100110100010011010100010100101001101010101010100111010010110110000001001000111001001001101100111011101001001011000110110001101001110100100101110101111111101110001101000110100,
001100000101111100001010000010101000111000111101010111001101101100010001001101110101000101001110101110101110011111111110100110111101001101010110011001010100101110001010001001000100101010110101001000000110010111000100,
010110101100101101010101001010010110011001001011111111010010100001011100000100010111110101001001001010110010001010111000010100100101011111110001111110011100110110100001111001001100111000010000100001100101010010000101,
110111010110110000001001110111101110010011111110001111000101100100110011011011011111000001011110100110110011010111011001011001010001101001001111001011110100110111001010001101100110110000000110101000010011100110111011,
001100110011010000100011000100000000101110000001001010001110101111000111111110111101101110110010010110110111001001010000011011001111100101001111010111111010110001010000111111111101000110000110000110100000100100111000,
000010101101001001010011100100100111110111111011011010101100110101010010100000100010110110101000100111100100011001101100100001101100101011000010000101110101100000101101100100110000110010011110001010000010101110010001,
001111101010001011110011100010110111010100101001001001100001101001110101101111101100000010100100100111100111100011000101101111111000111011101000100011111101111111101010011100001110000100001111000101100000111101011011,
110000000110100000100000101100010100110001010110110101011111000000000101011111011100100001100001010101000100111011111000000101011100010101110011100100110000000100000101000101111011101000101100000100001111110100111111,
011101101111011110000101110001100010010001000010000110101011011110011001101111011010010000011110001111001010101000001011000101111110110111111101111110010101111010110111000001000111010000111100011101011110100111111101,
111111000010011010011111010001001111110111011111000011100001101011001110110010100001010011000101111001110010111010000101101100010101111011000101100010011100110100001011011000001101010100101110010010000011100100100000,
110011011000000111110010011100100000110011110010101101110000001000010001011011100111000000111011000001110101010111100101000011000111101000100111000011001010101110011010100000100011001000110100001000011100110001010100,
111110011010100111111110001110111000100110010011101010001100010111101111110010111111001110001100101000001000110100110110110011101101000101111010110011100011000011101101110110101011001001100000000100010100110111001111,
100000101110001011111001110010110100101010011010101001010010010101011001001010111000010000101010111110100110000000001011101111011111011100011011110001001101000001001100001110101100110101101000010101001101101110101000,
001001101001100100000110000101100100011100001101001101010100111011011001101100010100100110111110111100111101000011010110001101000001000101111010100110101011000011010110000101001010101101011000000010011111001100100001,
010001011001111001100100000100100010110010000011100100110101101011001100011000011001110100110111111110110000011000111000000110110101110011000100011010101100101111000001000101100100011100000000000000000110010100100001,
011111100101000001101110011010101001011111100011000010110000000011011101011111001001001001101011010010000011110000010100011011011011110110111001001000100010001010100010110000101011101011011011011101000101100011101011,
010001010100100110110011110010001001110111111110010101000111110000101100010001000110001101110100000010001110101000000010010110110100010011001111110010001001101110011000001101101111001001000101000101101001001101001010,
010011101010000011000011111101111001110010011111001000000000101110100001100010111011001100010011111010100000110010000001010100010110001001100010110011011001011101000111111010010111010001110111011001011111101000010111,
111000010111001101111101010000010101011011001000010111010100000111010111101111111110001101100000010101101001011110001100101010101101111101111010001011001101101000110110111000111100111011100101001011110100010001001001,
110111011001000110001001110000101111111100111011100001101010101001110101101010010110110010111100100101011011011011011010000111011010010110100111111111011011000000110000101101000111111010100011110100001011010100110100,
000001001111010000010001111000010000001100011111011100110001000010011101011001110111101011101011000101110110101110111010011000111000010111000001110110101011100111011010010001100011000010000101100011111110000101010111,
010111001010110000010000100011110101110000100011101010001111101110110101000110101110100000001010011110100011000001100010010110000111101010010000001011010010101000000101000110110111111011100111011000100101110000111000,
011001100111000100110010010101001110100101011010010100001110011001001001100101110010000110101010011110101111101000111100011110010101100011000010001010110010101010101110010101000101101111100110111100000101110110011101,
001011010100111001011010100100000100100110100001011110001101001000011110101001111011010110011011001110101110111001000111011000000010010001010110000111001100000101111100101011110101110001011000111011100000101101011001,
011111100110101101010010011010010011010111101010101010110001110010011101001111111101011000111001011000000000010101111111101110101110100011001000011101110110000100001001000101001111000000101001100011111001110111010000,
101111111111111011110110100111010101011111110011000001001001000000100011101101010011011001011111001110110000000011100000111000100001111100011110001001101011000100011100101110110011011010000000011001111101001010100011,
101110000101110110001000101011011101100100110001101111101101011011001111000100000110101001111001000000011110000110101110010011101101011010110110110100100100011011001000011010101010010001110000010001010111011000110100,
001010010000000011110111100001110001010011000101010110011101010010001000011110101000011011110100010111011000010001110000010101101101111001101110000010010000101101101110011101110000101001110110011110101100010001010100,
110001111001111101110010001101110010010110000000000110101011000001001001100111110100111101001100010011101001011111000000101100110001100000001001110111001000001100011000001101101100011000110010010011110001100100001101,
100101011100100000100001111101101010011111011110111001001101010101011111100010011100000001000010111001100101001101100011000011001111011001101111111100010111011111010111010111001100110001011101111011011111110111101011,
100011000100011001111011110000100010110010101000101100100100010010100100000100111011110111010001110001001001000100110110110001101000010000101111010000000011001010101100000110101000110100101011001100001110000110101011,
001100001011111111111000101100011111011100111001101101100010101000101101111011010110010110011111111110000001001101100111110011100101001110000011010011100001100111111110100010111010001001000000111101110100011101110000,
011100000100100111110100111111011100010100111110000001001011101001010111100010001001101000110100111101000000100011000111111011100010010111110111110001001000011111001101111110010000010100001111111011001010101001011100,
111010011011001000010010000100110011101010100001001101010011010111100111001010000100110100010010110111011110010101100001010111111110010111000111100010111011010001100000111110110011100100000111011101111011111000110000,
010110101111111101011011011011110001000010101001011011101011011111100010001011101001001100110000110011001001111111111111110001000101000100101111001010000000011100010100111010100111010011111000110011110000110101000111,
010001101110100011000011001100111011001000010100001110001100010000101100011110010101111000111111100101111010101001010110000001000010110101100110011111110001010001011100110001111100110100111100000110101000010111011111,
010000011000011010001101111100011001001010110000001111011011011010111110101010011100001011010101010110101001010010000111011111110110111100001101110000000010010000000110001010011011000110011100110110010101011010000000,
100110010110101001101001001010011001110011000100010001110001011111011001010101010101101001101010011101011000111101011110101100111011010110010011001010001110001101001101010010001010100000111100111110001001111101010010,
100100110101011100111010110100110000011100110000010110111001001101011110010010100001100110110101010110101011101011001110010010100111011100111100000100100011001010011011101010011000011000110011000111100001110001010000,
110010010010111010001010001010101011110000101100010000011011010000100110001101110001111111110001011110000101011100000100001010111101110100110100010101010010010100111111011110001111000100000110001001111000000001110000,
101000110011001000001000000001001000101100111001100100000011001010010111011011110111110110111100010110110010110110100110101110010010101011101001010111100010011110100011100000111110101100001001011000111011001010000101,
000110011001110100000000000100011000001011101110100101110110010110010000110010001001011000110111110110011010101011110011001000110100101011111111010010001001100000110101000111101110010010000011110101000010010000100111,
111100111110010101001010101011110111111100101111101000010110100101000001011011101110100101001001000000110101100100001110100100001000110001001111111001011111110001101100100001110010000110110010001100000000100010000111,
110101101001010011001001110010100110010011110011011100101001110000110001100001011000100001101010000000011110001001010010011100000010101100011101001100111100100101101110110001000010001001010111011101111001110010000100,
101011010001000001000110010001001000001010010001100001011100100001111111100000100000101111111010111011101010011111011001100101100111001110011100100001000010110101101010110000101110001111110111000001000110101100011011,
101011100001111101100010111000000110001101110111001100100100001110010100010011110101010011111011111011010000101111011001000001011001110110001100111111000101101101111100010111101010100110110111010110101100011011100101,
101100011011100111111011001110111001011001101010011101000010010100000101011101101011100101011011000001100010110011000111100010101001010110110101000001101101111000110100011100101101000110110110010001010100001000111110,
111011110011010010110110100111011110000100110110010101001111011010101001001010100101110011101100111010011101001011111001001000010110111001100010010000110101000011011111101110011001010001001001100110100000100001110001,
110000100100111101101011000100110100110011011100010110011110101011100011000001000010010001100100110010011000001000100101100101010111100011000001001001011100111000011000100110010011111001001010111001111110110111100001,
111101010011010000000010100110101110110001111101011100101111011000101111111011011111110100011001101111001100001010011100010110011101000111011110011001111001111100111111110100011011100110101010011100010000000010010000,
111000101101111001111100110100000110001101101000010111100101010100111011000111010011010101000110100110000100110010011110011111101000000101111001111110101011110110101011011010011011010110011100001100000100010111001000,
110001111100011000001100101011001100000011000101011000000011101001101001000010111010001000010110000001111111000111111000000100000010110010100000100100110101111000000111001011011100111001011101011001111001100011101110,
110110000010011011101000000111000100101111101100110010001100010111101010011111000010100101000100000010110101111101111110101101001100101001111001111011001001101111110010110100110011011000100000011101101101111011001110,
001111001001101100110111101010010000001100101101011001110010111000011010001000010100111000100101001010011000000101111000001101011001101110100101100100001110100000011111111011101000110010001110011011001001110100111101,
011101001001011100101101110101010111101011000100111010001111100011001100100011010110100101000100111111010111101101100010101100010100010101010001010100111100111001110100110000000110011110011100010010010100111100111110,
000101101111100011111101111001100110111000100100110010110110110001011000011101011100110000001000100101100110110100110011000011110000110000110010100000000111110101111011101011110101010000110100100000101111010011010100,
010000100001011011001100100010101110001011001010010000010010000101010101001100111111010001011101000110011000100100101010101100110010011001111011100000001010101101001111000010001001010000101001100000111011000010111001,
111100100111000111000110111010111000010010010001011101000001111111111011001001001100011101000101010110011101110101101010110110100101111111111111111110100100101000011111110000011110100111011100001111001100010100000010,
111010100110001111000010100010110101100100110110010110000000110000110100011000000100010111100011101100011101011100011000111110011001000000101100000110001000100100011100100100001010010100010100010111011000110100101110,
010001000001001101100111010111011010001101110010101111100111000011110101100001110011000101100010011110100011101011001111011111111000011110111100111101111010100001010010111110010011010011001001101011010010011000100010,
011001011011101000110010101111101101100001001010100100111110001101101101000011101000110111000101011101110000110111111001101101011101111011011010000101111010111001111100100110100011110010100110110111010011011100011100,
110101000100111010111100010110000001011100111110100010001000111010101100000111100101111001011001010000100101010100100010010011000000110101000111000110100000101111000111001111101001111001100001101001110101110011011100,
010101011101110010100000101011100001101101100010000111011001111010100101000011001010011110111001011111110010001111000001110110100011111010010100010001010000010010100110010010001100110110010100001100001111111101100011,
000101100111101000101010010000000011000011110110111110011100100100111001101010010110011001110000001000101010111001110011001100011011110100001101101111111001011110100101000111000101001111100010100111110111001101011000,
000011011101010000111101010000011100001001001010001010000111000011100011101101110100100010011011110100111101111011000111101001100100111111001111110001110110001010111001110101101110110101011100000101001110001010000010,
100101000110011001010001110101010101010000110111101111111010100010001010001010011011011100101100001100011001000110011100111101000000011111111111110001011110010110001111110111011011101101111110000101101000011101001000,
000010111110000111101010000101111111001001000010010100110101010100011110011100110110111011001000010001100010001011010111101100100001000100110101100100000111111111011011110001001100111001110111100001010011101011111111,
001110000010110000110100011001110101011010011101011000000000001000000101011010010011100010001101110111000010111111000000000001111001111110110111010111111111100111111101011100000101011001000100010010101001110000110001,
100011111011101010010101011000000101010100001001111000001110110011110110111110111010111000011010011010001011011110100001010010001011101111101011110011011110110000100101011111111001000000011100101010100100111010110000,
000100010011110000101100100110000110101010011011010001101011001111001101111110001010111011110010101101000110100110101100111100100110000110001000111111100111111111001001100100101001111110110010101100101110001001000111,
001000110100010011001010000101110111110001011100101111011000011000010100001000011111010000101010001111000010110110100011000011010110100010100101000111110000000101100010101110110111000110011111000110111010000011101101,
111000111111010111011010001100000111100001001011001001011101100010010000000111101100010111010111110001101010010100111101110111000011100110010000111100010101011000110111111001000001010111010110100010100011111001000111,
001011100111011101100010000100010011001111000111000001000111111101010110111100001100011001000010111000010001011111001011100100011100010010011000100000111010111001111101011101101101000000110101111111100100011101110001,
000111011100101000011101100111100110010010101001110010100000000011011011001110100110000000001011100001100010110110110011010000010110000101001000010011001000010101101110001010101111100110000110000001011010101001111100,
011000111011110100011110111011110111111100011001000011111011011110110000010001101010000110111011011000110000010000001010101101100000110011110001010010000110010010011000000110100000100001010001101110010110010101110101,
001110110110101100100110111111111011000011000100001100010010001000001100001011110010100011011000111100110001000110000001010111111010000011101011101101110111010011111101000110010110111000000100101100111110101000001001,
111110100101000010001110001110111000110001100111100111011101100010110100000010010111110000100010111101010001111110110111100111111101001010100010110001010101100101010101001101001010101001101111010000011111100100010100,
011101101101011110000000000001000011001111011001011101010010101101101011110000001011011010000010000001001011001110111010000011010010000111111111101000001111011111001100000010000111101000111010101001010111100011000001,
101100100100101110001000100100111100010110011101100111100010001011100110000001010011011100011101011101001001101001001111001111011101000001101101100000101110011000001011001001110001011100011011000011011101111100011001